"id","name_english","name_assamese","era","approx_period","primary_field","sub_field_roles","dynasty_movement_org","key_achievements","notable_works_titles","region_association","gender"
"bhagadatta","King Bhagadatta","ৰজা ভগদত্ত","Ancient / Epic Period","c. 1000 – 900 BCE (Epic Tradition)","Royalty & Governance","King of Pragjyotisha, Warrior King, Commander","Bhauma / Naraka Dynasty (Pragjyotisha)","Legendary king of Pragjyotisha renowned in the Mahabharata; commanded an army of Kiratas and Chinas on his formidable elephant Supratika during the Kurukshetra War.","Mahabharata (Sabha Parva & Drona Parva mentions)","Pragjyotishpura (Modern Guwahati)","Male"
"banasura","King Banasura","বাণাসুৰ","Ancient / Epic Period","Epic Tradition","Royalty & Governance","King of Sonitpur, Devotee of Shiva","Asura Dynasty (Sonitpur)","Mighty ruler of ancient Sonitpur; central figure in the Hari-Hara war and father of Princess Usha whose romance with Aniruddha is commemorated in the legend of Agnigarh.","Legend of Agnigarh & Hari-Hara Yuddha","Sonitpur (Modern Tezpur)","Male"
"pushyavarman","Pushyavarman","পুষ্যবৰ্মন","Ancient (Varman Dynasty)","c. 350 – 374 CE","Royalty & Governance","Founder King of Kamarupa, Maharajadhiraja","Varman Dynasty of Kamarupa","Founded the historical Varman Dynasty of Kamarupa, bringing the region into the documented epigraphic era of Indian history; contemporary of Gupta Emperor Samudragupta.","Nidhanpur & Doobi Copperplate Epigraphs","Pragjyotishpura, Kamarupa","Male"
"bhutivarman","Bhutivarman (Mahabhutavarman)","ভূতিবৰ্মন","Ancient (Varman Dynasty)","c. 518 – 542 CE","Royalty & Governance","King of Kamarupa, Imperial Expansionist","Varman Dynasty of Kamarupa","Expanded Kamarupa's sovereignty across northern Bengal (Pundravardhana) and performed the Vedic Ashwamedha (horse sacrifice) to signify imperial supremacy.","Badganga Rock Inscription (Dabaka)","Kamarupa (Central Assam & North Bengal)","Male"
"bhaskaravarman","Kumar Bhaskaravarman","কুমাৰ ভাস্কৰবৰ্মন","Ancient (Varman Dynasty)","c. 600 – 650 CE","Royalty & Governance","King of Kamarupa, Diplomat, Patron of Learning","Varman Dynasty of Kamarupa","Greatest monarch of the Varman dynasty; formed a historic alliance with Emperor Harshavardhana of Kannauj; hosted Chinese scholar-monk Xuanzang (Hiuen Tsang); established Kamarupa as a premier center of scholarship.","Nidhanpur Copperplates, Doobi Plates, Patron to Nalanda University","Pragjyotishpura, Kamarupa","Male"
"salastambha","Salastambha","শালস্তম্ভ","Ancient (Mlechchha Dynasty)","c. 650 – 670 CE","Royalty & Governance","Founder King of Mlechchha Dynasty","Salastambha (Mlechchha) Dynasty","Established the Salastambha dynasty of Kamarupa with Haruppeshwara (near modern Tezpur) as the royal capital following the decline of the Varmans.","Establishment of Haruppeshwara Capital","Haruppeshwara (Tezpur)","Male"
"harjjaravarman","Harjjaravarman","হৰ্জ্জৰবৰ্মন","Ancient (Mlechchha Dynasty)","c. 815 – 835 CE","Royalty & Governance","King of Kamarupa, Civic Administrator","Salastambha Dynasty","Issued the earliest dated inscription found in Assam (Tezpur Rock Inscription, 829 CE) establishing riverine navigation and dispute regulations on the Brahmaputra; excavated the Harjjar Pukhuri lake.","Tezpur Rock Inscription (829 CE), Harjjar Pukhuri","Haruppeshwara (Tezpur)","Male"
"vanamalavarmadeva","Vanamalavarmadeva","বনমালবৰ্মদেৱ","Ancient (Mlechchha Dynasty)","c. 835 – 865 CE","Royalty & Governance","King of Kamarupa, Temple Builder","Salastambha Dynasty","Rebuilt the grand temple of Hataka Sulin (Lord Shiva) in Haruppeshwara; issued the Tezpur and Parbatiya copperplates detailing royal administration and temple endowments.","Tezpur Copperplates, Parbatiya Inscription","Haruppeshwara (Tezpur)","Male"
"brahmapala","Brahmapala","ব্ৰহ্মপাল","Ancient (Pala Dynasty)","c. 900 – 920 CE","Royalty & Governance","Founder King of Kamarupa Pala Dynasty","Pala Dynasty of Kamarupa","Elected by the citizens and nobles of Kamarupa to re-establish stable royal lineage after the extinction of the Salastambha line; founded the Pala Dynasty of Kamarupa.","Pala Royal Charter Foundations","Durjaya / Pragjyotishpura","Male"
"ratnapala","Ratnapala","ৰত্নপাল","Ancient (Pala Dynasty)","c. 920 – 960 CE","Royalty & Governance","King of Kamarupa, Fortifier & Patron","Pala Dynasty of Kamarupa","Fortified the capital city Durjaya with impenetrable ramparts along the Brahmaputra; expanded copper mining, metallurgy, and Vedic scholarship in Kamarupa.","Bargaon & Sualkuchi Copperplates","Durjaya (Near modern Guwahati)","Male"
"dharmapala-kamarupa","Dharmapala of Kamarupa","ধৰ্মপাল","Ancient (Pala Dynasty)","c. 1095 – 1120 CE","Royalty & Governance","King of Kamarupa, Poet-Scholar","Pala Dynasty of Kamarupa","Renowned scholar-king who composed exquisite Sanskrit verses preserved in his royal copperplates; founded the city of Kamarupanagara.","Khonamukh, Subhankarapataka & Pushpabhadra Copperplates","Kamarupanagara (North Guwahati)","Male"
"minanath-matsyendranath","Minanath (Matsyendranath)","মীননাথ / মৎস্যেন্দ্ৰনাথ","Ancient Period","c. 9th – 10th Century CE","Philosophy & Tantric Scholarship","Mahasiddha, Nath Guru, Tantric Master","Nath Sampradaya / Sahajayana Buddhism","First of the 84 Mahasiddhas in Buddhist Tantra and foundational guru of the Nath yogic tradition; traditionally linked with ancient Kamarupa and the fishermen community of the Brahmaputra.","Kaulajnana-nirnaya, Charyapada hymns","Kamarupa","Male"
"luipa","Luipa (Lohipa)","লুইপা","Ancient Period","c. 8th – 10th Century CE","Literature & Philosophy","Charyapada Poet, Mahasiddha","Sahajayana / Early Indo-Aryan Literature","Author of the opening song in the Charyapada (*Ka'a tarubara pancha bi dala*), the earliest surviving corpus of Eastern Indo-Aryan / proto-Assamese poetic and mystic literature.","Charyapada Song 1 & Song 29","Brahmaputra (Lohit) Basin / Kamarupa","Male"
"dak-purusa","Dakar Purusha (Dak)","ডাক পুৰুষ","Ancient / Early Medieval","c. 10th – 12th Century CE","Folk Wisdom & Meteorology","Folk Philosopher, Agronomist, Sage","Assamese Folk Tradition","Legendary folk sage born in Lehidangara near Barpeta; creator of *Dakor Bachan* (Sayings of Dak), an invaluable ancient oral encyclopaedia of agriculture, weather forecasting, astrology, dietetics, and social ethics.","Dakor Bachan (ডাকৰ বচন)","Lehidangara, Barpeta","Male"
"chaolung-sukapha","Chaolung Sukapha","চাওলুং চ্যুকাফা","Medieval (Ahom Dynasty)","1189 – 1268 CE (Reign: 1228 – 1268 CE)","Royalty & Governance","Founder King of the Ahom Kingdom, State-Builder","Ahom Dynasty","Led the historic Tai-Ahom migration across the Patkai hills in 1228 CE; established his capital at Charaideo; unified diverse ethnic tribes (Morans, Borahis, Kacharis) into the composite Assamese socio-cultural identity (*Bor Asom*). Celebrated on Assam Day (Asom Divas, Dec 2).","Establishment of Charaideo Capital, Buranji Chronicle Tradition","Charaideo, Upper Assam","Male"
"sudangpha-bamuni-konwar","Sudangpha (Bamuni Konwar)","চুদাংফা (বামুণী কোঁৱৰ)","Medieval (Ahom Dynasty)","Reign: 1397 – 1407 CE","Royalty & Governance","Ahom King (Swargadeo)","Ahom Dynasty","Brought significant Brahminical cultural and administrative synthesis into the Ahom court; shifted capital to Charguya; established Singarigharutha coronation ritual.","Singarigharutha Coronation Ceremony","Charguya, Sivasagar","Male"
"suhungmung-dihingia-raja","Suhungmung (Dihingia Raja)","চুহুংমুং (দিহিঙীয়া ৰজা / স্বৰ্গনাৰায়ণ)","Medieval (Ahom Dynasty)","Reign: 1497 – 1539 CE","Royalty & Governance","Swargadeo, Imperial Architect, Military Strategist","Ahom Dynasty","One of the greatest Ahom monarchs; annexed the Chutia kingdom; repulsed multiple Bengal Sultanate invasions (Turbak Khan); introduced firearms/cannon technology to Assam; created the high office of Barpatragohain; first Ahom king to take the Hindu title *Swarganarayan*.","Creation of Barpatragohain post, Introduction of Saka Era in Buranjis","Bakata, Upper Assam","Male"
"mula-gabharu","Mula Gabharu","মূলা গাভৰু","Medieval (Ahom Dynasty)","c. 1532 CE","Military & Defense","Warrior Noblewoman, Military Commander","Ahom Dynasty","Heroic Ahom warrior woman who took up arms and led troops against the invading Bengal Sultanate general Turbak Khan in 1532 to avenge her martyred husband Borgohain Phrasenmung.","Battle of Turbak (1532 CE)","Dikhow / Sivasagar","Female"
"pratap-singha","Pratap Singha (Susenghpha / Buddhiswarganarayan)","প্ৰতাপ সিংহ (বুদ্ধিস্বৰ্গনাৰায়ণ)","Medieval (Ahom Dynasty)","Reign: 1603 – 1641 CE","Royalty & Governance","Swargadeo, Administrative Reformer","Ahom Dynasty","Instituted the foundational **Paik System** and Khel reorganization under minister Momai Tamuli Barbarua; created the posts of Borphukan (viceroy of Lower Assam) and Barbarua; built fortifications and defeated Mughal invasions.","Reorganization of Paik System, Creation of Borphukan & Barbarua Offices","Garhgaon, Sivasagar","Male"
"momai-tamuli-barbarua","Momai Tamuli Barbarua","মোমাই তামুলী বৰবৰুৱা","Medieval (Ahom Dynasty)","c. 1605 – 1645 CE","Administration & Civic Engineering","First Barbarua, Chief Minister, Urban Planner","Ahom Dynasty (Reign of Pratap Singha)","Mastermind of the Ahom administrative and village socioeconomic structure; codified the Paik system; organized self-sufficient Assamese model villages (*Paik Bor-Khel*); father of Lachit Borphukan and Laluksola Borphukan.","Codification of Paik System & Village Planning","Garhgaon, Sivasagar","Male"
"lachit-borphukan","Bir Lachit Borphukan","বীৰ লাচিত বৰফুকন","Medieval (Ahom Dynasty)","1622 – 1672 CE","Military & Defense","Commander-in-Chief (Borphukan), Naval General","Ahom Dynasty (Reign of Chakradhwaj & Udayaditya Singha)","Legendary general who decisively defeated the massive imperial Mughal armada led by Ram Singh I at the **Battle of Saraighat (1671)**; immortalized for his dictum *'My uncle is not greater than my motherland'*. National Defence Academy awards its best cadet the Lachit Borphukan Gold Medal.","Battle of Saraighat (1671), Lachit Divas (Nov 24)","Guwahati & Jorhat","Male"
"atan-burhagohain","Atan Burhagohain","আতন বুঢ়াগোহাঁই","Medieval (Ahom Dynasty)","c. 1662 – 1679 CE","Statesmanship & Military Strategy","Prime Minister (Burhagohain), Historian","Ahom Dynasty","Peerless statesman, diplomat, and military commander during the Mughal-Ahom conflicts; rallied the state alongside Lachit Borphukan; author of one of the finest Buranjis.","Saraighat Defense Strategy & Buranji Chronicle","Garhgaon, Upper Assam","Male"
"joymoti-konwari","Sati Joymoti Konwari","সতী জয়মতী কুঁৱৰী","Medieval (Ahom Dynasty)","c. 1660 – 1680 CE","Sacrifice & Social History","Ahom Princess, Martyr","Ahom Dynasty","Endured brutal physical torture for 14 days at Jerenga Pathar by the puppet boy-king Lora Raja without revealing the hideout of her fugitive husband Prince Gadapani (later King Gadadhar Singha), saving the future of Assam.","Martyrdom at Jerenga Pathar (1680), Joy Sagar Tank commemoration","Jerenga Pathar, Sivasagar","Female"
"gadadhar-singha","Gadadhar Singha (Gadapani / Supatpha)","গদাধৰ সিংহ (গদাপাণি)","Medieval (Ahom Dynasty)","Reign: 1681 – 1696 CE","Royalty & Governance","Swargadeo, Military Unifier","Ahom Dynasty","Decisively expelled the Mughal Empire from Assam forever at the **Battle of Itakhuli (1682)**, fixing the western boundary at the Manas River; re-established internal stability after decades of political turmoil.","Battle of Itakhuli (1682), Umananda Temple Construction","Garhgaon / Itakhuli","Male"
"rudra-singha","Rudra Singha (Sukhrungpha)","ৰুদ্ৰ সিংহ (চুখ্ৰুংফা)","Medieval (Ahom Dynasty)","Reign: 1696 – 1714 CE","Royalty & Cultural Renaissance","Swargadeo, Architect, Patron of Arts & Sports","Ahom Dynasty","Transformed the Ahom empire into its golden architectural age; built the new brick metropolis of Rangpur, the grand Joysagar Tank & Temples, Namdang Stone Bridge, and institutionalized Rongali Bihu and indigenous sports at court.","Founding of Rangpur Capital, Joysagar Tank, Namdang Stone Bridge","Rangpur / Sivasagar","Male"
"bor-raja-phuleswari","Bor Raja Phuleswari (Pramatheswari Devi)","বৰ ৰজা ফুলেশ্বৰী কুঁৱৰী","Medieval (Ahom Dynasty)","c. 1722 – 1731 CE","Royalty & Education","Reigning Queen Regnant (Bor Raja), Patron of Education","Ahom Dynasty (Reign of Siva Singha)","First woman to formally reign as supreme monarch (*Bor Raja*) of Assam; established the first institutional Sanskrit and girls' schools in the capital; issued Persian-inscribed royal coinage.","Gaurisagar Tank & Temples, Establishment of Girls' Schools","Rangpur, Sivasagar","Female"
"purnananda-burhagohain","Purnananda Burhagohain","পূৰ্ণানন্দ বুঢ়াগোহাঁই","Medieval (Ahom Dynasty)","c. 1782 – 1817 CE","Statesmanship & Governance","Prime Minister (Burhagohain), De Facto Ruler","Ahom Dynasty (Reign of Gaurinath & Kamaleswar Singha)","Statesman who governed Assam during the devastating Moamoria Rebellions; modernized the Ahom army with disciplined standing troops armed with flintlock muskets; held the state together for over 35 years.","Suppression of Moamoria Uprising, Military Modernization","Jorhat","Male"
"biswa-singha","Biswa Singha (Bisu)","বিশ্ব সিংহ","Medieval (Koch Dynasty)","c. 1515 – 1540 CE","Royalty & Governance","Founder King of Koch Dynasty","Koch Dynasty (Kamatapur / Kamata Kingdom)","United the indigenous Koch, Mech, and tribal chieftaincies of Western Assam/North Bengal into the powerful Koch Kingdom; revived the sacred Kamakhya shrine pilgrimage.","Establishment of Kamata-Koch Kingdom","Kamata / Cooch Behar & Kamrup","Male"
"naranarayan","Maharaja Naranarayan (Malladev)","মহাৰাজা নৰনাৰায়ণ (মল্লদেৱ)","Medieval (Koch Dynasty)","Reign: 1540 – 1587 CE","Royalty & Cultural Renaissance","King of Kamata-Koch Kingdom, Scholar-Patron","Koch Dynasty","Presided over the golden age of Western Assam; rebuilt the magnificent Kamakhya Temple in 1565; granted royal refuge and grand patronage to Srimanta Sankardev and Madhavdev, enabling the Bhakti literature and Sattriya renaissance.","Reconstruction of Kamakhya Temple (1565), Patron to Sankardev","Cooch Behar & Kamrup","Male"
"bir-chilarai","Bir Chilarai (Sukladhwaj)","বীৰ চিলাৰায় (শুক্লধ্বজ)","Medieval (Koch Dynasty)","1510 – 1577 CE","Military & Defense","Commander-in-Chief (Dewan), Military Genius, Scholar","Koch Dynasty","Unmatched military commander known as *Chilarai* (Kite-like lightning general) for his lightning amphibious assaults; conquered multiple regional states; devout Vaishnavite scholar who authored Sanskrit commentaries (*Saravati*). Bir Chilarai Divas celebrated across Assam.","Saravati (Sanskrit Commentary on Gita Govinda), Chilarai Divas","Western Assam & North Bengal","Male"
"sati-sadhani","Birangana Sati Sadhani","বীৰাংগনা সতী সাধনী","Medieval (Chutia Dynasty)","c. 1493 – 1524 CE","Royalty & Defense","Last Queen of Chutia Dynasty, Warrior Queen","Chutia Kingdom (Sadiya)","Fierce queen who organized female archers and resistance against invading forces; chose heroic self-sacrifice by jumping from Chandragiri hill rather than surrender her dignity. Sati Sadhani Divas observed on April 21.","Defense of Chandragiri / Sati Sadhani Divas","Sadiya / Golaghat","Female"
"ratnadhwajpal","Gaurinarayan (Ratnadhwajpal)","গৌৰীনাৰায়ণ (ৰত্নধ্বজপাল)","Medieval (Chutia Dynasty)","c. 1224 – 1250 CE","Royalty & Governance","King of Chutia Dynasty, State Builder","Chutia Kingdom","Consolidated the Chutia kingdom in northeastern Assam; forged diplomatic relations with Gauda; patronized trade and riverine fortifications across Sadiya.","Fortifications of Sadiya & Kundilnagar","Sadiya / Kundilnagar","Male"
"srimanta-sankardev","Mahapurusha Srimanta Sankardev","মহাপুৰুষ শ্ৰীমন্ত শংকৰদেৱ","Medieval (Bhakti Movement)","1449 – 1568 CE","Spiritual Reformation & Cultural Renaissance","Polymath, Saint-Reformer, Poet, Playwright, Painter, Musician, Social Philosopher","Ekasarana Dharma / Sattriya Tradition","Supreme cultural icon of Assam; founded the egalitarian Ekasarana Harinama Dharma; created Sattriya dance (one of India's 8 classical dance forms), Borgeet (classical music), Ankiya Nat (one-act drama), Brajavali literary idiom, and the community socio-democratic institution of the **Namghar**.","Kirtana Ghosha, Chihna Yatra (1468), Bhagavata Purana translations, Rukmini Harana, Borgeet, Gunamala","Ali-pukhuri (Nagaon), Majuli, Patbausi (Barpeta), Bheladanga (Koch Bihar)","Male"
"madhavdev","Mahapurusha Madhavdev","মহাপুৰুষ মাধৱদেৱ","Medieval (Bhakti Movement)","1489 – 1596 CE","Literature & Spiritual Leadership","Chief Disciple of Sankardev, Saint-Poet, Playwright, Musician","Ekasarana Dharma / Barpeta Sattra","Chief successor to Sankardev; author of the immortal *Naam Ghosha* (Book of Psalms); established the iconic Barpeta Sattra; composed sublime Borgeets, Jhumuras, and Ankiya Nats.","Naam Ghosha (নাম ঘোষা), Bhakti Ratnavali, Borgeet, Arjuna Bhanjana (Jhumura)","Letekupukhuri (Lakhimpur) & Barpeta","Male"
"damodardev","Damodardev","দামোদৰদেৱ","Medieval (Bhakti Movement)","1488 – 1598 CE","Spiritual Leadership & Sattra Culture","Vaishnavite Guru, Founder of Brahma Samhati","Brahma Samhati (Vaishnavism)","Prominent religious reformer and contemporary of Sankardev; founded the influential Patbausi and Vaikunthapur Sattras and the Brahma Samhati branch of Assamese Vaishnavism.","Establishment of Brahma Samhati Sattras","Patbausi, Barpeta","Male"
"haridev","Haridev","হৰিদেৱ","Medieval (Bhakti Movement)","1426 – 1566 CE","Spiritual Leadership","Vaishnavite Preceptor, Founder of Haridevi (Brahma) Samhati","Vaishnavite Sattra Movement","Founded the Maneri Sattra; key figure in spreading Bhakti philosophy across Western and Central Assam.","Establishment of Maneri Sattra","Maneri, Nalbari / Kamrup","Male"
"bhattadev","Vaikunthanatha Bhagavata Bhattacharya (Bhattadev)","বৈকুণ্ঠনাথ ভাগৱত ভট্টাচাৰ্য (ভট্টদেৱ)","Medieval (Literature & Philosophy)","c. 1558 – 1638 CE","Literature & Prose","Father of Assamese Prose, Sanskrit Scholar","Patsala Sattra / Damodariya Tradition","Hailed as the **Father of Assamese Prose**; wrote *Katha Gita* and *Katha Bhagavata* in the 16th century, establishing Assamese as one of the earliest Indian vernacular languages to develop sophisticated formal philosophical prose.","Katha Gita (কথা গীতা), Katha Bhagavata (কথা ভাগৱত), Bhakti Viveka","Barnagar, Barpeta","Male"
"aniruddhadeva","Aniruddhadeva","অনিৰুদ্ধদেৱ","Medieval (Kala Samhati Vaishnavism)","1553 – 1626 CE","Spiritual Leadership & Social Equality","Vaishnavite Reformer, Founder of Mayamara Sattra","Mayamara (Moamoria) Tradition / Kala Samhati","Founded the Mayamara Sattra and the egalitarian Kala Samhati tradition; initiated widespread conversion of tribal communities (Morans, Chutias) on principles of absolute social equality without caste discrimination.","Founding of Mayamara Sattra, Puranjan Akhyana","Dibrugarh / Tinsukia","Male"
"ajan-fakir","Hazrat Shah Miran (Ajan Fakir / Ajan Pir)","আজান পীৰ (হজৰত শ্বাহ মীৰান)","Medieval (Sufi & Cultural Harmony)","c. 17th Century CE","Music & Spiritual Harmony","Sufi Saint, Poet, Musical Composer","Sufism / Assamese Folk Devotional Tradition","Baghdad-born Sufi mystic who settled in Gorgaon/Saraguri Chapori; composed soul-stirring **Zikir and Zari** spiritual devotional songs blending Islamic mystic teachings with Assamese folk meters; immortalized communal harmony in Assam.","Zikir (জিকিৰ) and Zari (জাৰী) Devotional Songs","Saraguri Chapori, Sivasagar","Male"
"madhava-kandali","Madhava Kandali (Kaviraja Kandali)","মাধৱ কন্দলী","Medieval (Pre-Sankarian Literature)","c. 14th Century CE","Literature & Poetry","Court Poet, Translator","Court of Kachari King Mahamanikya","Composed the *Saptakanda Ramayana* into colloquial Assamese verse—the earliest vernacular rendering of Valmiki's Ramayana in any modern Indo-Aryan language in North/Eastern India; acknowledged by Sankardev as the unassailable *'Purba Kavi'* (predecessor poet).","Saptakanda Ramayana (সপ্তকাণ্ড ৰামায়ণ), Devajit","Kapili Valley / Nagaon","Male"
"hema-saraswati","Hema Saraswati","হেম সৰস্বতী","Medieval (Pre-Sankarian Literature)","c. late 13th – early 14th Century CE","Literature & Poetry","Court Poet","Court of Kamatapur King Durlabhnarayan","One of the earliest documented Assamese poets; composed *Prahlada Charitra* and *Hara Gauri Samvada* under the patronage of King Durlabhnarayan of Kamata.","Prahlada Charitra (প্ৰহ্লাদ চৰিত), Hara Gauri Samvada","Kamatapur (Western Assam)","Male"
"rama-saraswati","Rama Saraswati","ৰাম সৰস্বতী","Medieval (Sankarian Literature)","c. 16th Century CE","Literature & Epic Translation","Court Poet of Koch King Naranarayan","Koch Court / Mahabharata Translation Project","Rendered the epic Mahabharata into Assamese (comprising over 30,000 verses), incorporating indigenous folk ballads and Vadha-Kavyas (*Bhim Charit*); court poet of King Naranarayan and Chilarai.","Assamese Mahabharata, Bhim Charit (ভীম চৰিত), Baghasur Vadha","Koch Bihar / Kamrup","Male"
"sukumar-borkaith","Sukumar Borkaith","সুকুমাৰ বৰকায়থ","Medieval (Arts & Veterinary Science)","c. 1734 CE","Veterinary Science & Manuscript Art","Scholar, Author, Court Chronicler","Ahom Court (Reign of Siva Singha & Ambika Devi)","Authored the monumental illustrated elephant veterinary encyclopaedia **Hastividyarnava** in 1734 CE on Sanchi bark manuscript, illuminated by court painters Dilbar and Dosai.","Hastividyarnava (হস্তীবিদ্যSnapshot / হস্তীবিদ্যার্ণব)","Rangpur, Sivasagar","Male"
"anandaram-baruah","Anandaram Baruah, ICS","আনন্দৰাম বৰুৱা","Colonial Renaissance (Sanskrit & Civil Service)","1850 – 1889 CE","Sanskrit Scholarship & Civil Service","First Assamese ICS Officer, World-Renowned Sanskrit Grammarian, Barrister","Indian Civil Service (ICS) / Global Indology","First graduate from Assam (Calcutta University), first Assamese to crack the prestigious ICS exam in London (1870), and first Assamese Barrister; published monumental 3-volume English-Sanskrit Dictionary and grammatical treatises praised by Max Müller.","Practical English-Sanskrit Dictionary (3 Vols), Higher Sanskrit Grammar, Mahaviracharita critical edition","Uzanbazar, Guwahati","Male"
"anandaram-dhekial-phukan","Anandaram Dhekial Phukan","আনন্দৰাম ঢেকিয়াল ফুকন","Colonial Renaissance","1829 – 1859 CE","Language Advocacy & Renaissance","Civil Servant, Essayist, Social Reformer","Assamese Language Restoration Movement","Pioneer of modern Assamese intellectual consciousness; submitted the historic memorandum to British Commissioner A.J. Moffatt Mills in 1853 demanding the reinstatement of the Assamese language in colonial courts and schools.","A Few Remarks on the Assamese Language (1855), Asamiya Lorar Mitra","Nagaon / Guwahati","Male"
"hemchandra-baruah","Bhashar Oja Hemchandra Baruah","ভাষাৰ ওজা হেমচন্দ্ৰ বৰুৱা","Colonial Renaissance","1835 – 1896 CE","Linguistics & Social Reform","Lexicographer, Grammarian, Dramatist, Reformer","Hemkosh Lexicographical Movement / Asam Bilasini","Compiled the magnum opus **Hemkosh** (1900), the authoritative etymological dictionary that standardized modern Assamese spelling and grammar; crusaded against untouchability, opium addiction, and social evils in pioneering plays like *Kaniyar Kirtan*.","Hemkosh (হেমকোষ), Asamiya Bhasar Byakaran, Kaniyar Kirtan, Bahire Rongsong Bhitore Kowabhaturi","Sibsagar / Golaghat / Guwahati","Male"
"gunabhiram-baruah","Gunabhiram Baruah","গুণাভিৰাম বৰুৱা","Colonial Renaissance","1837 – 1894 CE","Literature & Social Reform","Playwright, Historian, Biographer, Brahmo Reformer","Asam Bandhu / Modern Assamese Theatre","Pioneered modern realistic Assamese social drama with *Ram-Navami* (1857) advocating widow remarriage; authored the comprehensive *Assam Buranji* (1884) and the definitive biography of Anandaram Dhekial Phukan.","Ram-Navami (ৰাম-নৱমী), Assam Buranji (1884), Anandaram Dhekial Phukanar Jiwan Charitra","Nagaon","Male"
"nathan-brown","Rev. Dr. Nathan Brown","ৰেভাৰেণ্ড নাথান ব্ৰাউন","Colonial Renaissance","1807 – 1886 CE","Journalism & Printing Pioneer","Linguist, Editor, American Baptist Missionary","Orunodoi / Sibsagar Mission Press","Founded and edited **Orunodoi** (1846), the first Assamese news magazine/periodical; fought against British policy replacing Assamese with Bengali; established the modern Assamese printing press at Sibsagar.","Orunodoi (অৰুণোদই, 1846), Grammatical Notices of the Asamese Language (1848)","Sibsagar Mission","Male"
"miles-bronson","Rev. Dr. Miles Bronson","ৰেভাৰেণ্ড মাইলছ ব্ৰনছন","Colonial Renaissance","1812 – 1883 CE","Lexicography & Education","Linguist, Dictionary Compiler, Missionary","American Baptist Mission","Compiled and published the **first Assamese-English Dictionary** in 1867 (*A Dictionary in Assamese and English*) with 14,000 words; instrumental in getting Assamese restored as the official court and school language in 1873.","A Dictionary in Assamese and English (1867)","Sibsagar / Nagaon","Male"
"lakshminath-bezbaroa","Sahityarathi Lakshminath Bezbaroa (Roxoraj)","সাহিত্যৰথী লক্ষ্মীনাথ বেজবৰুৱা (ৰসৰাজ)","Jonaki Era (Modern Literature)","1864 – 1938 CE","Literature & Cultural Icon","Doyen of Modern Assamese Literature, Satirist, Playwright, Folklorist","Jonaki / Asam Sahitya Sabha","Foremost architect of modern Assamese literature; composed the state anthem of Assam *'O Mur Apunar Desh'*; compiled beloved folk fairy tales *Burhi Aair Sadhu*; edited *Bahi*; created the immortal satirical persona Kripabar Borbarua; presided over the 7th Asam Sahitya Sabha.","O Mur Apunar Desh (State Anthem), Burhi Aair Sadhu (বুঢ়ী আইৰ সাধু), Kripabor Borbaruar Kakotor Tupula, Belimar, Jaymati Kunwari","Sivasagar / Sambalpur","Male"
"hemchandra-goswami","Hemchandra Goswami","হেমচন্দ্ৰ গোস্বামী","Jonaki Era (Modern Literature)","1872 – 1928 CE","Literature & Historiography","Poet, Antiquarian, Historian, Sonneteer","Jonaki Era / Asam Sahitya Sabha","Pioneered the modern Assamese sonnet (*Priyotamar Chithi*); compiled the mammoth *Asamiya Sahityar Chaneki* (Typographical Selections from Assamese Literature, Calcutta University); recovered and preserved rare ancient Buranjis and manuscripts.","Priyotamar Chithi (1st Assamese Sonnet), Asamiya Sahityar Chaneki, Phular Chaki","Golaghat / Guwahati","Male"
"chandrakumar-agarwala","Pratimar Khonikar Chandrakumar Agarwala","প্ৰতিমাৰ খনিকৰ চন্দ্ৰকুমাৰ আগৰৱালা","Jonaki Era (Modern Literature)","1867 – 1937 CE","Literature & Journalism","Romantic Poet, Publisher, Nationalist","Jonaki / Asamiya Bhasha Unnati Sadhini Sabha / Asomiya","Founder, financier, and first editor of the epoch-making journal **Jonaki** (1889) in Calcutta; inaugurated the Romantic movement in Assamese poetry with *Bonkuwori*; founder of *Asomiya* newspaper.","Pratima (প্ৰতিমা), Bin-boragi, Bonkuwori (1st Assamese Romantic Poem)","Tezpur / Guwahati","Male"
"padmanath-gohain-baruah","Sahityarathi Padmanath Gohain Baruah","পদ্মনাথ গোহাঞিবৰুৱা","Colonial & Modern Literature","1871 – 1946 CE","Literature & Journalism","First President of Asam Sahitya Sabha, Novelist, Dramatist, Editor","Asam Sahitya Sabha (1917) / Usha & Banti","Elected the monumental First President of the **Asam Sahitya Sabha** at Sibsagar in 1917; authored early novels like *Bhanumoti* (1890) and *Lahori*; edited influential periodicals *Usha* and *Assam Banti*.","Bhanumoti (ভানুমতী), Lahori, Sri Krishna, Joymati, Lachit Borphukan","North Lakhimpur / Tezpur","Male"
"satyanath-bora","Satyanath Bora","সত্যনাথ বৰা","Colonial & Modern Literature","1860 – 1925 CE","Grammar & Philosophical Prose","Essayist, Legal Scholar, Grammarian","Earle Law College / Modern Assamese Prose","Master of thoughtful, aphoristic Assamese prose; authored authoritative grammar *Bahal Byakaran* and moral philosophical essay collections *Sarathi* and *Chintamoni*.","Bahal Byakaran (বহল ব্যাকৰণ), Sarathi (সাৰথি), Chintamoni","Guwahati","Male"
"kanaklal-barua","Kanaklal Barua","কনকলাল বৰুৱা","Historiography & Governance","1872 – 1940 CE","Historiography & Archaeology","Historian, Executive Councillor, President of Asam Sahitya Sabha","Kamarupa Anusandhan Samiti (Assam Research Society)","Authored the seminal historiographical work **Early History of Kamarupa (1933)**; founded and edited the Journal of the Assam Research Society (JARS); established the Assam Provincial Museum.","Early History of Kamarupa (1933), Foundation of Assam Museum","Guwahati","Male"
"benudhar-sharma","Padmabhushan Benudhar Sharma","বেণুধৰ শৰ্মা","Historiography & Freedom Movement","1894 – 1981 CE","Historiography & Biography","Historian, Biographer, President of Asam Sahitya Sabha","Asam Sahitya Sabha (1956 President)","Renowned historian of the Ahom era and 1857 uprising in Assam; author of classic biography of Maniram Dewan; won Sahitya Akademi Award (1960 for *Kongressar Kanchiyoli Rodot*); awarded Padma Bhushan (1983).","Maniram Dewan (মণিৰাম দেৱান), Kongressar Kanchiyoli Rodot (Sahitya Akademi 1960), Satawoli","Charing, Sivasagar","Male"
"ambikagiri-raichoudhury","Assam Kesari Ambikagiri Raichoudhury","অসম কেশৰী অম্বিকাগিৰী ৰায়চৌধুৰী","Freedom Struggle & Literature","1885 – 1967 CE","Nationalism & Revolutionary Poetry","Freedom Fighter, Poet, Journalist, Social Crusader","Asom Jatiya Mahasabha / Chetana & Deka Asom","Fiery nationalist poet and revolutionary; established the *Asom Jatiya Mahasabha* and *Asom Songrakkhini Sabha* to protect indigenous rights and culture; founded *Chetana* and *Deka Asom* periodicals; Sahitya Akademi Award (1965).","Tumi, Anubhuti (অনুভূতি), Bandookar Guli, Bedanar Ulka","Barpeta / Guwahati","Male"
"chandraprabha-saikiani","Padmashree Chandraprabha Saikiani","চন্দ্ৰপ্ৰভা শইকীয়ানী","Freedom Struggle & Feminist Movement","1901 – 1972 CE","Women's Rights & Freedom Movement","Feminist Pioneer, Social Crusader, Author, Freedom Fighter","Asom Pradeshik Mahila Samiti (1926) / Quit India Movement","Founding mother of the women's rights movement in Assam; established the historic **Asom Pradeshik Mahila Samiti** in 1926; fought against child marriage, caste oppression, and purdah system; active leader in Non-Cooperation and Civil Disobedience movements. Awarded Padma Shri (1972).","Founding of Asom Pradeshik Mahila Samiti, Pitribhita (Novel), Asomiya Chora","Daisingari (Kamrup) / Nagaon","Female"
"nalini-bala-devi","Atigiri Nalini Bala Devi","নলিনীবালা দেৱী","Modern Literature","1898 – 1977 CE","Mystic & Patriotic Poetry","Poetess, First Woman President of Asam Sahitya Sabha","Asam Sahitya Sabha (1954 President)","Renowned mystic poetess; first female president of Asam Sahitya Sabha (1954); first Assamese woman to receive the Sahitya Akademi Award (1968 for *Alakananda*); awarded Padma Shri (1957).","Alakananda (অলকানন্দা), Sandhiyar Sur, Eri Oha Dinbor (Autobiography)","Guwahati","Female"
"gomdhar-konwar","Gomdhar Konwar","গোমধৰ কোঁৱৰ","Freedom Struggle (Early Resistance)","c. 1828 CE","Freedom Struggle","Ahom Prince, First Anti-British Rebel Leader","1828 Anti-British Uprising","First leader in Assam to raise the banner of armed revolt against British East India Company rule in 1828; declared himself Swargadeo at Borphukanar Khat and marched on Rangpur.","1828 Armed Revolt against East India Company","Sivasagar / Jorhat","Male"
"maniram-dewan","Maniram Dewan (Maniram Dutta Baruah)","মণিৰাম দেৱান","Freedom Struggle (1857 Revolt)","1806 – 1858 CE","Freedom Struggle & Indigenous Enterprise","First Indian Commercial Tea Planter, Revolutionary Martyr","1857 Sepoy Mutiny in Assam","First indigenous commercial tea planter in India (Chenidhora and Cinnamara estates); masterminded the 1857 uprising in Assam to overthrow British colonial rule and restore the native Ahom monarchy; executed by hanging on February 26, 1858 in Jorhat.","Establishment of Cinnamara Tea Estate, 1857 Revolt leadership in Assam","Jorhat / Sivasagar","Male"
"piyoli-phukan","Piyoli Phukan","পিয়লি ফুকন","Freedom Struggle (Early Resistance)","c. Executed 1830 CE","Freedom Struggle","Early Anti-British Rebel Leader, Martyr","1830 Anti-Colonial Uprising","Led the earliest organized anti-British rebellion in Assam in 1830; attempted to blow up the British ammunition magazine at Rangpur; hanged by the colonial regime in 1830.","1830 Anti-British Uprising","Sivasagar","Male"
"kanaklata-barua","Birbala Kanaklata Barua","কনকলতা বৰুৱা","Freedom Struggle (Quit India 1942)","1924 – 1942 CE","Freedom Struggle & Martyrdom","Youth Leader, Mrityu Bahini Freedom Fighter","Mrityu Bahini / Quit India Movement","17-year-old fearless freedom fighter who led the unarmed procession of the *Mrityu Bahini* (Death Squad) to hoist the Indian National Flag at the Gohpur police station on September 20, 1942; shot dead by British police while holding the Tricolour high.","Gohpur Police Station Flag Hoisting (1942)","Barangabari, Gohpur","Female"
"mukunda-kakati","Mukunda Kakati","মুকন্দ কাকতি","Freedom Struggle (Quit India 1942)","1919 – 1942 CE","Freedom Struggle & Martyrdom","Freedom Fighter, Martyr","Quit India Movement (Gohpur)","Martyred alongside Kanaklata Barua on September 20, 1942 when he grabbed the fallen Tricolour from Kanaklata's hands and was fatally shot by British forces.","Gohpur Martyrdom (1942)","Gohpur / Sonitpur","Male"
"kushal-konwar","Shahid Kushal Konwar","কুশল কোঁৱৰ","Freedom Struggle (Quit India 1942)","1905 – 1943 CE","Freedom Struggle & Martyrdom","Satyagrahi, Congress Leader, Martyr","Indian National Congress / Quit India Movement","The **only martyr in the entire country to be hanged by the British in the Quit India Movement of 1942** (falsely implicated in the Sarupathar military train derailment); embraced the gallows with serene Gandhian courage at Jorhat Jail on June 15, 1943.","Martyrdom at Jorhat Jail (June 15, 1943)","Sarupathar / Golaghat","Male"
"bhogeswari-phukanani","Bhogeswari Phukanani","ভোগেশ্বৰী ফুকননী","Freedom Struggle (Quit India 1942)","1872 – 1942 CE","Freedom Struggle & Martyrdom","60-Year-Old Female Martyr, Nationalist","Quit India Movement (Barhampur)","Elderly nationalist woman who struck British Captain Finish with the national flag staff when he insulted the Indian tricolour during the Barhampur Congress office reoccupation on September 18, 1942; succumbed to bullet wounds.","Barhampur Flag Incident Martyrdom (1942)","Barhampur, Nagaon","Female"
"gopinath-bordoloi","Bharat Ratna Lokapriya Gopinath Bordoloi","ভাৰতৰত্ন লোকপ্ৰিয় গোপীনাথ বৰদলৈ","Freedom Struggle & Post-Independence","1890 – 1950 CE","Statesmanship & National Leadership","First Chief Minister (Premier) of Assam, Constituent Assembly Member","Indian National Congress / Constituent Assembly","Architect of Modern Assam; saved Assam from inclusion in East Pakistan under the Cabinet Mission Grouping Scheme with Mahatma Gandhi's backing; founded Gauhati University, Assam Medical College, Guwahati High Court; posthumously awarded **Bharat Ratna (1999)**.","Saving Assam from Grouping Clause (1946), Drafting Sixth Schedule of Constitution, Bharat Ratna (1999)","Guwahati / Nagaon","Male"
"tarun-ram-phukan","Deshabhakta Tarun Ram Phukan","দেশভক্ত তৰুণ ৰাম ফুকন","Freedom Struggle","1877 – 1939 CE","Freedom Movement & Legal Luminary","Barrister, President of Assam Pradesh Congress, Orator","Swaraj Party / Indian National Congress / Pandu Congress (1926)","Foremost national leader who brought Assam into the mainstream of the Non-Cooperation and Swarajist movements; successfully organized the historic 41st Indian National Congress Session at Pandu (Guwahati) in 1926; president of Asam Sahitya Sabha (1927).","Leadership of 1926 Pandu Congress, Shikari (Hunter stories)","Guwahati","Male"
"nabin-chandra-bordoloi","Karmavir Nabin Chandra Bordoloi","কৰ্মবীৰ নবীন চন্দ্ৰ বৰদলৈ","Freedom Struggle","1875 – 1936 CE","Freedom Movement & Literature","General Secretary of Assam Pradesh Congress, Lyricist, Lawyer","Indian National Congress / Non-Cooperation Movement","Visionary nationalist leader and orator who gave up his lucrative legal career for the Non-Cooperation movement; authored patriotic songs and translated Shakespeare into Assamese.","Sasthi, Tarun Kanchan, Translation of Hamlet (Bhimdorpo)","Guwahati / North Guwahati","Male"
"hem-barua-mp","Tyagbir Hem Barua","হেম বৰুৱা","Freedom Struggle & Parliamentarian","1915 – 1977 CE","Parliamentarian, Literature & Education","Member of Parliament (Lok Sabha), Principal of B. Barooah College, Travelogue Writer","Praja Socialist Party (PSP) / B. Barooah College","Stalwart parliamentarian acclaimed in the Lok Sabha for brilliant debates on border defense and national integration; author of classic travelogues (*Mekong Nai Dekhisu*) and *The Red River and the Blue Hill*.","The Red River and the Blue Hill, Mekong Nai Dekhisu, Sagar Dekhisa","Tezpur / Guwahati","Male"
"fakhruddin-ali-ahmed","Fakhruddin Ali Ahmed","ফখৰুদ্দিন আলি আহমেদ","National Politics & Freedom Movement","1905 – 1977 CE","National Governance & Statesmanship","5th President of India, Union Cabinet Minister, Advocate","Government of India / Indian National Congress","Prominent freedom fighter and advocate from Assam who served as Union Cabinet Minister across key ministries (Food & Agriculture, Petroleum) and was elected the **5th President of India (1974–1977)**.","5th President of the Republic of India (1974–1977)","Golaghat / Barpeta","Male"
"bishnuram-medhi","Lauhamanab Bishnuram Medhi","বিষ্ণুৰাম মেধি","Freedom Struggle & Governance","1888 – 1981 CE","Governance & Administration","Second Chief Minister of Assam, Governor of Madras (Tamil Nadu)","Government of Assam / Government of India","Known as the *Iron Man of Assam* (Lauhamanab) for his uncompromising integrity, strong border security policies, industrialization initiatives, and panchayati raj empowerment; served with great distinction as Governor of Tamil Nadu.","Chief Minister of Assam (1950–1957), Governor of Madras (1958–1964)","Hajo / Guwahati","Male"
"bimala-prasad-chaliha","Padmavibhushan Bimala Prasad Chaliha","বিমলা প্ৰসাদ চলিহা","Post-Independence Governance","1912 – 1971 CE","Statesmanship & Diplomacy","Chief Minister of Assam, Peace Negotiator","Government of Assam","Longest serving Chief Minister of undivided Assam (1957–1970); established the historic Nagaland Peace Mission alongside Rev. Michael Scott and Jayaprakash Narayan; constructed the Saraighat Bridge and oil refineries; awarded Padma Vibhushan (1971).","Nagaland Peace Mission (1964), Saraighat Bridge inauguration (1962), Padma Vibhushan (1971)","Sivasagar","Male"
"bhupen-hazarika","Bharat Ratna Dr. Bhupen Hazarika (Sudhakantha)","ভাৰতৰত্ন ড° ভূপেন হাজৰিকা (সুধাকণ্ঠ)","Modern & Contemporary (Music & Cinema)","1926 – 2011 CE","Music, Cinema & Cultural Ambassador","Music Maestro, Lyricist, Singer, Filmmaker, Poet, Humanitarian","Indian People's Theatre Association (IPTA) / Sangeet Natak Akademi","Colossus of Indian music whose songs of universal brotherhood, folk vitality, and riverine philosophy (*'Bistirno Parore'*, *'Manuhe Manuhor Babe'*) transcended linguistic barriers; Chairman of Sangeet Natak Akademi; recipient of **Bharat Ratna (2019)**, Dadasaheb Phalke Award (1992), Padma Vibhushan, Padma Bhushan, Padma Shri, and National Film Awards.","Manuhe Manuhor Babe, Bistirno Parore, Ganga Behti Ho Kyon, Shakuntala, Pratidhwani, Loti-Ghoti, Bharat Ratna (2019)","Sadiya / Tezpur / Guwahati / Kolkata","Male"
"bishnu-prasad-rabha","Kalaguru Bishnu Prasad Rabha","কলাগুৰু বিষ্ণুপ্ৰসাদ ৰাভা","Modern Era (Arts, Revolution & Culture)","1909 – 1969 CE","Music, Dance & Revolutionary Arts","Music Composer, Sattriya Exponent, Actor, Freedom Fighter, Marxist Leader","Revolutionary Communist Party of India (RCPI) / IPTA","Conferred the revered title **Kalaguru** by Kashi Hindu University (Varanasi) for his peerless Tandava dance exposition; unifier of diverse indigenous Assamese ethnic folk traditions; composed revolutionary and lyrical Rabha Sangeet; donated ancestral estates to landless peasants. Celebrated on Rabha Divas (June 20).","Rabha Sangeet (ৰাভা সংগীত), Asomiya Krishtir Somu Abhas, Siraj (Film), Sur-Setu","Tezpur","Male"
"jyoti-prasad-agarwala","Rupkonwar Jyoti Prasad Agarwala","ৰূপকোঁৱৰ জ্যোতিপ্ৰসাদ আগৰৱালা","Modern Era (Cinema, Music & Drama)","1903 – 1951 CE","Cinema, Drama & Music Pioneer","Father of Assamese Cinema, Playwright, Lyricist, Freedom Fighter","Chitraban Studio (Bholaguri) / Freedom Movement","Directed **Joymoti (1935)**, the first Assamese and third Indian talkie film, overcoming monumental technical hurdles at Bholaguri Tea Estate; established the genre of **Jyoti Sangeet**; wrote pioneering modernist plays like *Sonit Kunwari* and *Karengar Ligiri*. Shilpi Divas celebrated on January 17.","Joymoti (1935, 1st Assamese Film), Indramalati (1939), Sonit Kunwari, Karengar Ligiri, Jyoti Sangeet","Tamulbari / Tezpur","Male"
"phani-sarma","Natasurya Phani Sarma","নটসূৰ্য ফণী শৰ্মা","Modern Era (Theatre & Cinema)","1910 – 1970 CE","Theatre & Cinema","Playwright, Legendary Actor, Director","Baan Theatre (Tezpur) / Kohinoor Opera","Known as *Natasurya* (Sun of Drama); starred in Assam's first film *Joymoti* (1935); wrote and directed immortal patriotic and social plays including *Siraj*, *Bhugjora*, and *Kiyaw*.","Siraj (Play & Film, 1948), Bhogjora, Kiyaw","Tezpur","Male"
"parbati-prasad-baruwa","Geetikavi Parbati Prasad Baruwa","গীতিকবি পাৰ্বতী প্ৰসাদ বৰুৱা","Modern Era (Lyric Poetry & Music)","1904 – 1964 CE","Lyric Poetry & Music","Poet, Filmmaker, Songwriter","Parbati Sangeet / Rupohi (1941 Film)","Known as *Geetikavi* (Lyric Poet) for his melancholic, nature-suffused songs and pastoral poetry; directed early Assamese film *Rupohi* (1941).","Gungunoni, Bhonga Beena, Rupohi (1941 Film)","Sonari, Charaideo","Male"
"pratima-barua-pandey","Padmashree Pratima Barua Pandey","প্ৰতিমা বৰুৱা পাণ্ডে","Modern & Contemporary (Folk Music)","1935 – 2002 CE","Folk Music & Lokageet","Queen of Goalpariya Lokageet, Folk Maestro","Gauripur Royal Family / Goalpariya Folk Tradition","Royal princess of Gauripur who elevated grassroots folk ballads of mahouts and cart-pullers to international acclaim; recorded evergreen classics like *'Hastir Kanya'*, *'Mur Mahut Bandhur Re'*; awarded Padma Shri (1991) and Sangeet Natak Akademi Award.","Hastir Kanya (হস্তীৰ কন্যা), Mur Mahut Bandhur Re, O Mor Hayre Doyamoy","Gauripur, Dhubri","Female"
"khagen-mahanta","Bihu Samrat Khagen Mahanta","বিহু সম্ৰাট খগেন মহন্ত","Modern & Contemporary (Folk & Bihu Music)","1942 – 2014 CE","Folk Music & Bihu","King of Bihu, Folk Maestro, Composer","All India Radio / Sangeet Natak Akademi","Hailed as the *King of Bihu* (Bihu Samrat); transformed indigenous Bihu songs and Tokari Geet into quintessential cultural heritage across India; awarded Sangeet Natak Akademi Award (1992).","Kolore Patote Gai O Ronga Bou, Ma Ami Sodiya Looi Jam, Tokari Geet Collections","Sivasagar / Guwahati","Male"
"jahnu-barua","Padmabhushan Jahnu Barua","জাহ্নু বৰুৱা","Contemporary Cinema","1952 – Present","Cinema & Filmmaking","Internationally Acclaimed Film Director, Screenwriter","Parallel Cinema / National Film Development Corporation","Internationally renowned auteur; won **12 National Film Awards** and global festival awards at Locarno and Fribourg; directed masterpieces *Halodhia Choraye Baodhan Khai* (1987, Golden Lotus for Best Feature Film), *Firingoti*, *Hkhagoroloi Bohu Door*, and *Maine Gandhi Ko Nahin Mara*; awarded Padma Bhushan (2015).","Halodhia Choraye Baodhan Khai (Swarna Kamal, 1987), Hkhagoroloi Bohu Door, Firingoti, Padma Bhushan (2015)","Sivasagar / Guwahati / Mumbai","Male"
"zubeen-garg","Zubeen Garg (Zubeen Borthakur)","জুবিন গাৰ্গ","Contemporary (Music & Cinema)","1972 – Present","Music, Playback Singing & Cinema","Singer, Music Director, Composer, Actor, Philanthropist","Modern Assamese Music Industry / Bollywood","Sensational cultural icon who revitalized the modern Assamese music and film industry; recorded over 32,000 songs across 40+ languages; composed national Bollywood chartbuster *'Ya Ali'* (*Gangster*); directed and starred in record-breaking blockbuster *Mission China* and *Kanchanjangha*.","Anamika, Maya, Ya Ali (Bollywood Global Hit), Mission China, Kanchanjangha, Global GIFA Award","Jorhat / Guwahati","Male"
"papon-mahanta","Angaraag 'Papon' Mahanta","অংগৰাগ 'পাপন' মহন্ত","Contemporary (Music)","1975 – Present","Music & Playback Singing","Classical/Folk-Fusion Singer, Multi-Instrumentalist, Producer","East India Company / Bollywood & Coke Studio","Son of music legends Khagen and Archana Mahanta; acclaimed folk-fusion artist and Bollywood playback sensation; celebrated for introducing Assamese folk melodies (Bihu, Goalpariya, Tokari geet) onto Coke Studio and global concert stages; multiple Filmfare and IIFA awards.","Jiyon Katha, Moh Moh Ke Dhaage (National Award Nomination), Kaun Mera, Baisara Beera (Coke Studio)","Guwahati / Mumbai","Male"
"bhabendra-nath-saikia","Dr. Bhabendra Nath Saikia","ড° ভবেন্দ্ৰ নাথ শইকীয়া","Modern Cinema, Literature & Journalism","1932 – 2003 CE","Literature, Cinema & Journalism","National Award-Winning Filmmaker, Short-Story Maestro, Editor, Physicist","Prantik / Sofura / National Film Awards (8-time winner)","Renowned nuclear physicist and master storyteller who directed 8 landmark cinematic classics (winning National Film Awards for *Sandhya Raag*, *Anirban*, *Agnisnan*, *Kolahal*, *Sarothi*, *Abartan*, *Itihas*); founded and edited the premier Assamese fortnightly **Prantik** and children's magazine *Sofura*; Sahitya Akademi Award (1976); Padma Shri (2001).","Sandhya Raag (1977), Agnisnan (National Award 1985), Kolahal, Gahbar, Prantik Magazine, Padma Shri (2001)","Nagaon / Guwahati","Male"
"radha-govinda-baruah","Singhapurush Radha Govinda Baruah","সিংহপুৰুষ ৰাধাগোবিন্দ বৰুৱা","Journalism & Sports Architecture","1900 – 1977 CE","Journalism & Sports Institution Builder","Founder of The Assam Tribune Group, Mayor, Sports Builder","The Assam Tribune (1939) / Nehru Stadium / Assam Cricket Association","Hailed as *Singhapurush* (Lion Man); founded *The Assam Tribune* (1939) and *Dainik Asam*; visionary behind the construction of the historic Nehru Stadium in Guwahati; pioneered the Bordoloi Trophy football tournament and institutionalized modern sports across Assam.","Founding of The Assam Tribune Group, Construction of Nehru Stadium, Bordoloi Trophy","Guwahati / Dibrugarh","Male"
"adil-hussain","Adil Hussain","আদিল হুছেইন","Contemporary (Cinema & International Theatre)","1963 – Present","Cinema & International Theatre","Acclaimed Actor, National Award Winner","National School of Drama (NSD) / Global Independent Cinema","Internationally celebrated actor across Hollywood, Bollywood, European, and Assamese art cinema; starred in Oscar-winning *Life of Pi*, *The Reluctant Fundamentalist*, *Mukti Bhawan*, and *Star Trek: Discovery*; won National Film Award (Special Jury) and Norwegian Amanda Award.","Life of Pi, Mukti Bhawan, Hotel Salvation, Maj Rati Keteki, What Will People Say","Goalpara / New Delhi","Male"
"seema-biswas","Seema Biswas","সীমা বিশ্বাস","Contemporary (Cinema & Theatre)","1965 – Present","Cinema & Theatre","National Award-Winning Actress, NSD Alumna","National School of Drama / Indian Parallel Cinema","Won the National Film Award for Best Actress for her landmark role in Shekhar Kapur's *Bandit Queen* (1994); won the Canadian Screen Genie Award for Deepa Mehta's *Water* (2005); Sangeet Natak Akademi Award.","Bandit Queen (National Award, 1994), Water, Khamoshi: The Musical","Nalbari / Mumbai","Female"
"rima-das","Rima Das","ৰীমা দাস","Contemporary (Independent Cinema)","1982 – Present","Cinema & Independent Filmmaking","Self-Taught Filmmaker, Director, Cinematographer, Editor","Global Independent Cinema","Self-taught solo filmmaker whose village-shot independent film **Village Rockstars (2017)** won the Swarna Kamal (Best Feature Film at National Film Awards) and was selected as **India's official entry for the Best Foreign Language Film at the 91st Academy Awards (Oscars)**; followed by *Bulbul Can Sing* and *Tora's Husband*.","Village Rockstars (India's Official Oscar Entry 2018), Bulbul Can Sing, Tora's Husband","Chhaygaon, Kamrup","Female"
"birendra-kumar-bhattacharya","Dr. Birendra Kumar Bhattacharya","ড° বীৰেন্দ্ৰ কুমাৰ ভট্টাচাৰ্য","Modern & Contemporary Literature","1924 – 1997 CE","Literature & Journalism","First Assamese Jnanpith Laureate, Novelist, President of Sahitya Akademi","Sahitya Akademi (National President) / Ramdhenu","First Assamese writer to win India's highest literary honor, the **Jnanpith Award (1979 for *Mrityunjay*)**; Sahitya Akademi Award (1961 for *Iyaruingam* based on Naga tribal life); first Assamese President of National Sahitya Akademi.","Mrityunjay (মৃত্যুঞ্জয়, Jnanpith 1979), Iyaruingam (ঈয়াৰুইঙ্গম), Daini, Pratipad","Safrai, Sibsagar / Guwahati","Male"
"mamoni-raisom-goswami","Dr. Indira Goswami (Mamoni Raisom Goswami)","ড° ইন্দিৰা গোস্বামী (মামণি ৰয়চম গোস্বামী)","Modern & Contemporary Literature","1942 – 2011 CE","Literature & Peace Advocacy","Jnanpith Laureate, Novelist, Ramayana Scholar, Peace Mediator","University of Delhi / ULFA Peace Committee Mediator","Won the prestigious **Jnanpith Award (2000)**; renowned for courageous feminist narratives exposing social stigmas and Vrindavan widows (*Datal Hatir Une Khowa Howda*, *Neelkanthi Braja*); served as key mediator in peace talks between Government of India and ULFA; awarded Principal Prince Claus Award.","Datal Hatir Une Khowa Howda (The Moth-Eaten Howdah of the Tusker), Neelkanthi Braja, Adha Lekha Dastavej, Jnanpith Award (2000)","Amranga (Kamrup) / Guwahati / New Delhi","Female"
"banikanta-kakati","Dr. Banikanta Kakati","ড° বাণীকান্ত কাকতি","Linguistic Scholarship","1894 – 1952 CE","Linguistics & Literary Criticism","Linguist, Literary Critic, Professor","Cotton College / Gauhati University","Established the scientific historical evolution of the Assamese language in his groundbreaking doctoral dissertation **Assamese: Its Formation and Development (1941)**; pioneer of modern Assamese literary criticism and Tantric-Vaishnavite cultural studies.","Assamese: Its Formation and Development (1941), The Mother Goddess Kamakhya, Kalita Jatir Itibritta, Purani Asamiya Sahitya","Batidhar (Barpeta) / Guwahati","Male"
"maheswar-neog","Padmashree Dr. Maheswar Neog","ড° মহেশ্বৰ নেওগ","Indology & Cultural Scholarship","1915 – 1995 CE","Indology & Cultural History","Scholar, Art Historian, Lexicographer, President of Asam Sahitya Sabha","Gauhati University / Punjabi University (Saint Kabir Chair)","Monumental indologist and cultural historian who systematically documented and presented the Sankardev heritage and Sattriya traditions to global academia; author of *Early History of the Vaisnava Faith and Movement in Assam*; awarded Padma Shri (1972) and Sangeet Natak Akademi Fellowship.","Early History of the Vaisnava Faith and Movement in Assam (1965), Prachya Sasanavali, Asamiya Sahityar Ruprekha","Kamarbandha Ali, Golaghat / Guwahati","Male"
"birinchi-kumar-barua","Dr. Birinchi Kumar Barua (Bina Barua / Rasna Barua)","ড° বিৰিঞ্চি কুমাৰ বৰুৱা","Literature & Folklore Scholarship","1908 – 1964 CE","Folklore, Novel & Cultural History","Novelist, Folklorist, Educationist","Gauhati University / Asam Sahitya Sabha","Pioneered modern Assamese realistic fiction with classics *Jivanar Batat* (under pen name Bina Barua) and *Seuji Patar Kahini* (under Rasna Barua on tea garden life); author of foundational *A Cultural History of Assam*; won posthumous Sahitya Akademi Award (1964).","Jivanar Batat (জীৱনৰ বাটত), Seuji Patar Kahini, A Cultural History of Assam","Puranigudam, Nagaon","Male"
"homen-borgohain","Homen Borgohain","হোমেন বৰগোহাঞি","Modern Literature & Journalism","1932 – 2021 CE","Literature & Journalism","Novelist, Intellectual, Columnist, Editor, President of Asam Sahitya Sabha","Asam Sahitya Sabha (President) / Amar Asom / Asomiya Pratidin","Towering intellectual and editor whose psychological and social novels redefined modern Assamese fiction; won Sahitya Akademi Award in 1978 for *Pita Putra*; prolific essayist and mentor to generations of Assamese writers.","Pita Putra (পিতা-পুত্ৰ, Sahitya Akademi 1978), Halodhiya Choraye Baodhan Khai, Saudar Putre Nao Meli Jay, Matsyagandha, Aatmanusandhan","Dhakuakhana, Lakhimpur / Guwahati","Male"
"saurabh-kumar-chaliha","Saurabh Kumar Chaliha (Dr. Surendra Nath Medhi)","সৌৰভ কুমাৰ চলিহা","Modern Literature","1930 – 2011 CE","Short Story & Modernist Prose","Pioneering Modernist Short-Story Writer, Physics Professor","Ramdhenu Era / Assam Engineering College","Reclusive literary genius and professor of physics who revolutionized the Assamese short story with modernist stream-of-consciousness, cinematic pacing, and urban alienation in stories like *'Ashanta Electron'*; won Sahitya Akademi Award (1974 for *Gholam*).","Ashanta Electron (অশান্ত ইলেক্ট্ৰন), Gholam (গোলাম, Sahitya Akademi 1974), Dukan, Duphoria","Guwahati / Germany","Male"
"syed-abdul-malik","Padmabhushan Syed Abdul Malik","চৈয়দ আব্দুল মালিক","Modern Literature","1919 – 2000 CE","Literature & Fiction","Novelist, Short Story Maestro, President of Asam Sahitya Sabha, MP","Asam Sahitya Sabha (1977 President) / Rajya Sabha","Most prolific fiction writer in Assamese literature, producing over 60 novels and 1,000+ short stories capturing rural composite life; Sahitya Akademi Award (1972 for *Aghari Atmar Kahini*); awarded Padma Shri (1984) and Padma Bhushan (1992).","Aghari Atmar Kahini (অঘৰী আত্মাৰ কাহিনী), Surujmukhir Swapna, Dhanya Nara Tanu Bhalo (Biography of Sankardev), Rajnigandhar Chaku","Nahoroni, Golaghat","Male"
"nirmal-prabha-bordoloi","Dr. Nirmal Prabha Bordoloi","ড° নিৰ্মলপ্ৰভা বৰদলৈ","Modern Literature & Folkloristics","1933 – 2004 CE","Poetry, Music & Folkloristics","Poetess, Lyricist, President of Asam Sahitya Sabha, Folklorist","Asam Sahitya Sabha (1991 President) / Gauhati University","Celebrated poetess and lyricist who penned hundreds of memorable songs; won Sahitya Akademi Award in 1983 for her poetry collection *Sudirgha Din Aru Rati*; conducted authoritative research on ancient Assamese folk culture and Devi worship.","Sudirgha Din Aru Rati (সুদীৰ্ঘ দিন আৰু ৰাতি, Sahitya Akademi 1983), Asamar Loka Sanskriti, Shiva, Devi","Sibsagar / Guwahati","Female"
"arupa-patangia-kalita","Dr. Arupa Patangia Kalita","ড° অৰূপা পটঙ্গীয়া কলিতা","Contemporary Literature","1956 – Present","Literature & Feminist Fiction","Novelist, Short-Story Writer, Professor","Sahitya Akademi / Contemporary Assamese Fiction","One of Assam's foremost contemporary novelists writing on the human cost of armed conflicts, displacement, and women's agency; won the Sahitya Akademi Award (2014 for *Mariam Austin Othoba Hira Barua*).","Mariam Austin Othoba Hira Barua, Dawn (Ayananta), Felanee, Tokora Bahor Sonar Beji","Golaghat / Tangla","Female"
"rita-chowdhury","Dr. Rita Chowdhury","ড° ৰীতা চৌধুৰী","Contemporary Literature","1960 – Present","Literature & Historical Fiction","Novelist, Director of National Book Trust (NBT), Professor","National Book Trust (Former Director) / Cotton University","Renowned for deeply researched historical and socio-political novels; won Sahitya Akademi Award (2008 for *Deo Langkhui* based on the Tiwa community); authored the landmark epic *Makam* documenting the tragic deportation of the Assamese-Chinese community during the 1962 Sino-Indian War.","Makam (মাকাম), Deo Langkhui (দেও লাংখুই), Ei Samay Asamay, Popiya Torar Sadhu","Tirap / Upper Assam / Guwahati","Female"
"anuradha-sharma-pujari","Anuradha Sharma Pujari","অনুৰাধা শৰ্মা পূজাৰী","Contemporary Literature & Journalism","1964 – Present","Literature & Journalism","Novelist, Editor of Sadin & Satsori","Sadin / Satsori / Sahitya Akademi","Bestselling contemporary novelist exploring urban relationships, feminist choices, and social changes; won Sahitya Akademi Award (2021 for *Yat Ekhon Aranya Asil*).","Hriday Ek Bigyapan (হৃদয় এক বিজ্ঞাপন), Yat Ekhon Aranya Asil (Sahitya Akademi 2021), Naharor Niribili Chha, Kanchan","Jorhat / Guwahati","Female"
"jitendra-nath-goswami","Padmashree Dr. Jitendra Nath Goswami","ড° জীতেন্দ্ৰনাথ গোস্বামী","Science & Space Exploration","1950 – Present","Space Science & Planetary Astrophysics","Chief Scientist of Chandrayaan-1, Director of Physical Research Laboratory (PRL)","ISRO / Physical Research Laboratory / Chandrayaan & Mangalyaan Missions","Chief Scientist and Principal Scientific Investigator of India's historic **Chandrayaan-1 lunar mission** (which confirmed water molecules on the Moon); key scientist on Mangalyaan and Chandrayaan-2; Shanti Swarup Bhatnagar Prize (1994); awarded Padma Shri (2017).","Principal Scientist Chandrayaan-1, Shanti Swarup Bhatnagar Prize (1994), Padma Shri (2017)","Jorhat / Ahmedabad","Male"
"bhupendra-nath-goswami","Dr. Bhupendra Nath Goswami","ড° ভূপেন্দ্ৰনাথ গোস্বামী","Science & Meteorology","1950 – Present","Meteorology & Climate Science","Former Director of Indian Institute of Tropical Meteorology (IITM)","Indian Institute of Tropical Meteorology / Indian Academy of Sciences","Pioneering meteorologist renowned globally for breakthrough research in Indian monsoon dynamics, predictability of tropical climate variability, and monsoon extreme event forecasting; Shanti Swarup Bhatnagar Prize (1995); TWAS Prize.","Monsoon Dynamics Models, Shanti Swarup Bhatnagar Prize (1995)","Nalbari / Pune","Male"
"jyotiprasad-medhi","Prof. Jyotiprasad Medhi","অধ্যাপক জ্যোতিপ্ৰসাদ মেধি","Mathematics & Statistics","1924 – 2017 CE","Mathematics & Applied Statistics","World-Renowned Statistician, Pioneer of Stochastic Processes & Queuing Theory","Gauhati University / International Statistical Institute","Internationally celebrated mathematician and statistician whose seminal textbooks *Stochastic Processes* and *Recent Developments in Bulk Queueing Models* are used in top universities worldwide (MIT, Stanford, Cambridge).","Stochastic Processes (Global standard textbook), Queueing Theory Models","Ramdia, Kamrup / Guwahati","Male"
"uddhab-bharali","Padmashree Dr. Uddhab Bharali","ড° উদ্ধৱ ভৰালী","Grassroots Innovation & Technology","1962 – Present","Engineering & Grassroots Innovation","Innovator, Humanitarian Engineer, Social Inventor","National Innovation Foundation / Grassroots Tech","Prolific innovator with over 150 low-cost engineering inventions for agriculture, small-scale rural industries, and assistive devices for individuals with disabilities (e.g. pomegranate peeler, mini tea processing plant); NASA Create the Future Design Contest winner; awarded Padma Shri (2019).","Pomegranate De-seeding Machine, Low-Cost Tea Harvester, Padma Shri (2019)","North Lakhimpur","Male"
"joyanti-chutia","Dr. Joyanti Chutia","ড° জয়ন্তী চুতীয়া","Science & Plasma Physics","1948 – Present","Plasma Physics & Material Science","Physicist, First Female Director of Institute of Advanced Study in Science and Technology (IASST)","Institute of Advanced Study in Science and Technology (IASST)","One of India's pioneering female physicists in plasma science; first female Director of IASST Guwahati; developed innovative plasma-treated silk biomaterials for wound healing and medical applications.","Plasma Surface Modification Research, Director IASST","Sivasagar / Guwahati","Female"
"dhruba-jyoti-saikia","Prof. Dhruba Jyoti Saikia","অধ্যাপক ধ্ৰুৱজ্যোতি শইকীয়া","Astrophysics & Academia","1956 – Present","Astrophysics & Radio Astronomy","Radio Astronomer, Founding Vice-Chancellor of Cotton University","National Centre for Radio Astrophysics (NCRA-TIFR) / Cotton University","Distinguished astrophysicist specialized in active galactic nuclei, radio galaxies, and quasars using Giant Metrewave Radio Telescope (GMRT) and Jodrell Bank; founding Vice-Chancellor of Cotton University.","Extragalactic Radio Astronomy Research, Foundation of Cotton University","Guwahati / Pune","Male"
"nomal-chandra-borah","Dr. Nomal Chandra Borah","ড° নোমল চন্দ্ৰ বৰা","Healthcare & Medicine","1950 – Present","Medicine & Healthcare Enterprise","Neurologist, Founder of GNRC Hospitals","Guwahati Neurological Research Centre (GNRC)","Pioneered super-specialty neurology and affordable tertiary healthcare infrastructure in Northeast India by establishing the first neurological research center (GNRC) in 1987.","Founding of GNRC Healthcare Network","Dhemaji / Guwahati","Male"
"jadav-payeng","Padmashree Jadav 'Molai' Payeng (Forest Man of India)","পদ্মশ্ৰী যাদৱ 'মোলাই' পায়েং (ফৰেষ্ট মেন অব ইণ্ডিয়া)","Environmental Leadership","1959 – Present","Forest Conservation & Afforestation","Environmentalist, Afforestation Crusader","Molai Forest Sanctuary, Majuli","Single-handedly transformed a barren 1,360-acre Brahmaputra sandbar in Majuli into a thriving tropical forest ecosystem (named *Molai Forest* after him) over 40 years; now home to elephants, Royal Bengal tigers, and rhinos; awarded Padma Shri (2015).","Creation of the 1,360-acre Molai Forest, Padma Shri (2015)","Kokilamukh, Majuli / Jorhat","Male"
"purnima-devi-barman","Dr. Purnima Devi Barman (Green Oscar & UNEP Champion)","ড° পূৰ্ণিমা দেৱী বৰ্মন","Wildlife Conservation","1980 – Present","Wildlife Biology & Ecological Conservation","Wildlife Biologist, Founder of the 'Hargila Army'","Aaranyak / Hargila Army","Organized a 10,000-strong grassroots all-women movement (*Hargila Army*) that brought the Greater Adjutant Stork (*Hargila*) back from the brink of global extinction in Assam; honored with **UNEP Champions of the Earth (2022)**, Whitley Gold Award ('Green Oscar', 2017 & 2024), and Nari Shakti Puraskar.","Hargila Conservation Movement, UNEP Champion of the Earth (2022), Whitley Gold Award (2024)","Dadara & Pachariya, Kamrup","Female"
"robin-banerjee","Padmashree Dr. Robin Banerjee","ড° ৰবীন বেনাৰ্জী","Wildlife Documentary & Conservation","1908 – 2003 CE","Wildlife Filmmaking & Conservation","Naturalist, Wildlife Cinematographer, Painter","Kaziranga Wildlife Society / Uncle Robin's Museum","Renowned naturalist whose 1961 Berlin TV documentary *Kaziranga* brought global conservation attention to the one-horned rhinoceros; created *Uncle Robin's Natural History Museum* in Golaghat; awarded Padma Shri (1971).","Kaziranga (1961 Wildlife Documentary), Natural History Museum (Golaghat)","Golaghat","Male"
"dr-t-ao","Dr. Talimeren Ao (Dr. T. Ao)","ড° টালিমেৰেন আও (ড° টি. আও)","Sports (Football & Olympic Captain)","1912 – 1998 CE","Football & Olympic Leadership","First Captain of Indian National Olympic Football Team (1948), Flag Bearer, Physician","Indian Olympic Football Team (London 1948) / Mohun Bagan AC","Legendary footballer and physician who was the **First Captain of the Indian National Football Team at the 1948 London Olympic Games** and flag-bearer of the entire Indian Olympic contingent; iconic captain of Mohun Bagan AC; alumnus of Cotton College and Assam Medical College.","London 1948 Olympic Indian Football Captain, Mohun Bagan Captain","Changki / Jorhat / Dibrugarh / Guwahati","Male"
"bhogeswar-baruah","Arjuna Bhogeswar Baruah","অৰ্জুন ভোগেশ্বৰ বৰুৱা","Sports (Athletics)","1940 – Present","Athletics & Track and Field","Asian Games Gold Medalist (800m), Arjuna Awardee","Indian Athletics Team / Indian Army","First Assamese athlete to win an international Gold medal at the **1966 Bangkok Asian Games (800m race)**, setting a new Asian record; first Arjuna Award winner from Assam (1966). His birthday (September 3) is officially celebrated as **Abhiruchi Sports Day** in Assam.","Asian Games 800m Gold Medal (1966), Arjuna Award (1966), Abhiruchi Sports Day","Sivasagar","Male"
"hima-das","Hima Das ('Dhing Express')","হিমা দাস ('ধিং এক্সপ্ৰেছ')","Contemporary Sports (Athletics)","2000 – Present","Athletics & Sprinting","World U20 400m Champion, Asian Games Gold Medalist, DSP Assam Police","Athletics Federation of India / Indian Olympic Contingent","First Indian track athlete ever to win a **Gold medal in any track event at an IAAF World Championships (World U20 Tampere 2018 in 400m)**; won multiple Gold and Silver medals at 2018 Asian Games Jakarta; awarded Arjuna Award (2018).","IAAF World U20 400m Gold (2018), Asian Games 4x400m Gold (2018), Arjuna Award (2018)","Dhing, Nagaon","Female"
"lovlina-borgohain","Lovlina Borgohain","লভলিনা বৰগোহাঁই","Contemporary Sports (Boxing)","1997 – Present","Boxing & Olympic Sports","Olympic Bronze Medalist, World Boxing Champion, Major Dhyan Chand Khel Ratna","Boxing Federation of India / Indian Olympic Association","Won the **Olympic Bronze Medal in Boxing (Welterweight) at the Tokyo 2020 Olympics**, becoming the first athlete from Assam to win an individual Olympic medal; won Gold at the 2023 IBA Women's World Boxing Championships; awarded Major Dhyan Chand Khel Ratna (2021) and Arjuna Award.","Tokyo 2020 Olympic Bronze Medal, World Champion Gold (2023), Khel Ratna (2021)","Baromukhia, Golaghat","Female"
"monalisa-baruah-mehta","Arjuna Monalisa Baruah Mehta","মোনালিসা বৰুৱা মেহতা","Sports (Table Tennis)","1960 – Present","Table Tennis","12-Time National Table Tennis Champion, Arjuna Awardee","Table Tennis Federation of India","12-time Assam State Champion and national table tennis champion; represented India at Commonwealth and Asian Table Tennis Championships; awarded Arjuna Award (1987).","National Table Tennis Championship, Arjuna Award (1987)","Guwahati","Female"
"dipankar-bhattacharjee","Dipankar Bhattacharjee","দীপংকৰ ভট্টাচাৰ্য","Sports (Badminton)","1972 – Present","Badminton & Olympic Sports","Three-Time National Badminton Champion, Two-Time Olympian","Badminton Association of India / Indian Olympic Team","Represented India at two Olympic Games (Barcelona 1992 and Atlanta 1996); 3-time Indian National Badminton Men's Singles Champion; reached pre-quarterfinals at the Barcelona Olympics.","Barcelona 1992 & Atlanta 1996 Olympian, 3-Time National Champion","Guwahati","Male"
"shiva-thapa","Shiva Thapa","শিৱ থাপা","Contemporary Sports (Boxing)","1993 – Present","Boxing & Olympic Sports","Two-Time Olympian, Asian Boxing Champion, Arjuna Awardee","Boxing Federation of India","Youngest Indian boxer to qualify for the Olympics (London 2012 at age 18); first Indian boxer to win 6 medals at the Asian Amateur Boxing Championships (including Gold); Bronze medalist at 2015 World Boxing Championships; awarded Arjuna Award (2016).","Asian Championship Gold (2013), World Championships Bronze (2015), Arjuna Award (2016)","Guwahati","Male"
"riyan-parag","Riyan Parag","ৰিয়ান পৰাগ","Contemporary Sports (Cricket)","2001 – Present","Cricket","International Indian Cricketer, IPL Star","BCCI / Indian National Cricket Team / Rajasthan Royals","First male cricketer from Assam to play for the Indian Senior National Cricket Team (debut 2024); key all-rounder and top-scorer for Rajasthan Royals in IPL; member of India's 2018 ICC U-19 Cricket World Cup-winning squad.","India Senior Team Debut (2024), ICC U-19 World Cup Winner (2018)","Guwahati","Male"
"uma-chetry","Uma Chetry","উমা ছেত্ৰী","Contemporary Sports (Cricket)","2002 – Present","Cricket","Wicketkeeper-Batter, Asian Games Gold Medalist","BCCI / Indian Women's National Cricket Team / UP Warriorz (WPL)","First female cricketer from Assam to be selected for and play for the Indian Senior Women's National Cricket Team; won Gold medal with Team India at the 2022 Asian Games in Hangzhou.","Asian Games Gold Medal (2022), India Women's National Team (2023)","Bokakhat, Golaghat","Female"
"jayanta-talukdar","Arjuna Jayanta Talukdar","জয়ন্ত তালুকদাৰ","Sports (Archery)","1986 – Present","Archery & Olympic Sports","World Archery Cup Champion, Olympian, Arjuna Awardee","Archery Association of India / Tata Archery Academy","First Indian archer to win an individual Gold medal at the FITA Archery World Cup (Merida 2006); achieved World No. 1 ranking; Olympian (London 2012); awarded Arjuna Award (2006).","FITA World Cup Gold Medal (2006), Asian Games Bronze, Arjuna Award (2006)","Guwahati","Male"
